y,count,percentage
0,5352,97.25604215882247
1,151,2.7439578411775396
