y,count,percentage
0,42504,97.30992009890336
1,1175,2.690079901096637
