tool_class,count,percentage
0,3311,36.626106194690266
1,5065,56.02876106194691
2,664,7.345132743362832
